{"cameraMode":{"drawMode":0,"name":"Shaded","section":"Shading Mode"},"sceneLighting":false,"audioPlay":false,"sceneViewState":{"m_AlwaysRefresh":false,"showFog":true,"showSkybox":false,"showFlares":true,"showImageEffects":true,"showParticleSystems":true,"showVisualEffectGraphs":true,"m_FxEnabled":true},"in2DMode":false,"pivot":{"x":32.83484649658203,"y":1.3801897764205933,"z":-7.808848857879639},"rotation":{"x":-0.001755298813804984,"y":0.9697940945625305,"z":-0.24382039904594422,"w":-0.0069816093891859058},"size":2.188814640045166,"orthographic":false}