{"cameraMode":{"drawMode":0,"name":"Shaded","section":"Shading Mode"},"sceneLighting":true,"audioPlay":false,"sceneViewState":{"m_AlwaysRefresh":false,"showFog":true,"showSkybox":true,"showFlares":true,"showImageEffects":true,"showParticleSystems":true,"showVisualEffectGraphs":true,"m_FxEnabled":true},"in2DMode":false,"pivot":{"x":1765.84130859375,"y":969.5595703125,"z":16.200000762939454},"rotation":{"x":0.04978500306606293,"y":-0.014986208640038967,"z":0.0007350202649831772,"w":0.9986692667007446},"size":129.49334716796876,"orthographic":false}