{"cameraMode":{"drawMode":0,"name":"Shaded","section":"Shading Mode"},"sceneLighting":true,"audioPlay":false,"sceneViewState":{"m_AlwaysRefresh":false,"showFog":true,"showSkybox":true,"showFlares":true,"showImageEffects":true,"showParticleSystems":true,"showVisualEffectGraphs":true,"m_FxEnabled":true},"in2DMode":false,"pivot":{"x":44.79471969604492,"y":23.709360122680665,"z":106.1233139038086},"rotation":{"x":0.3294907510280609,"y":-0.07017062604427338,"z":0.02122865617275238,"w":0.9418274164199829},"size":117.60469055175781,"orthographic":false}