{"cameraMode":{"drawMode":0,"name":"Shaded","section":"Shading Mode"},"sceneLighting":true,"audioPlay":false,"sceneViewState":{"m_AlwaysRefresh":false,"showFog":true,"showSkybox":true,"showFlares":true,"showImageEffects":true,"showParticleSystems":true,"showVisualEffectGraphs":true,"m_FxEnabled":true},"in2DMode":false,"pivot":{"x":92.92337799072266,"y":29.597511291503908,"z":201.85072326660157},"rotation":{"x":-0.11857355386018753,"y":0.028796369209885598,"z":-0.001302130869589746,"w":-0.9928236603736877},"size":9.597021102905274,"orthographic":true}