{"cameraMode":{"drawMode":0,"name":"Shaded","section":"Shading Mode"},"sceneLighting":true,"audioPlay":false,"sceneViewState":{"m_AlwaysRefresh":false,"showFog":true,"showSkybox":true,"showFlares":true,"showImageEffects":true,"showParticleSystems":true,"showVisualEffectGraphs":true,"m_FxEnabled":true},"in2DMode":false,"pivot":{"x":72.54360961914063,"y":18.566408157348634,"z":166.94000244140626},"rotation":{"x":0.14494605362415315,"y":-0.7773608565330505,"z":0.19255588948726655,"w":0.5817698240280151},"size":8.322818756103516,"orthographic":false}