{"cameraMode":{"drawMode":0,"name":"Shaded","section":"Shading Mode"},"sceneLighting":false,"audioPlay":false,"sceneViewState":{"m_AlwaysRefresh":false,"showFog":true,"showSkybox":false,"showFlares":true,"showImageEffects":true,"showParticleSystems":true,"showVisualEffectGraphs":true,"m_FxEnabled":true},"in2DMode":false,"pivot":{"x":8.943117141723633,"y":1.0920695066452027,"z":14.774703979492188},"rotation":{"x":0.049290843307971957,"y":0.948822021484375,"z":-0.18770723044872285,"w":0.24915803968906403},"size":5.501232147216797,"orthographic":false}