{"cameraMode":{"drawMode":0,"name":"Shaded","section":"Shading Mode"},"sceneLighting":false,"audioPlay":false,"sceneViewState":{"m_AlwaysRefresh":false,"showFog":true,"showSkybox":false,"showFlares":true,"showImageEffects":true,"showParticleSystems":true,"showVisualEffectGraphs":true,"m_FxEnabled":true},"in2DMode":false,"pivot":{"x":8.878997802734375,"y":5.654999732971191,"z":-0.09999999403953552},"rotation":{"x":-0.007797296158969402,"y":0.05787893757224083,"z":-0.00046440784353762865,"w":-0.998337984085083},"size":2.450523853302002,"orthographic":false}