{"cameraMode":{"drawMode":0,"name":"Shaded","section":"Shading Mode"},"sceneLighting":false,"audioPlay":false,"sceneViewState":{"m_AlwaysRefresh":false,"showFog":true,"showSkybox":false,"showFlares":true,"showImageEffects":true,"showParticleSystems":true,"showVisualEffectGraphs":true,"m_FxEnabled":true},"in2DMode":false,"pivot":{"x":-0.09093666076660156,"y":0.01611042022705078,"z":-0.010601162910461426},"rotation":{"x":-0.23017153143882752,"y":0.277212917804718,"z":-0.06820801645517349,"w":-0.9304526448249817},"size":3.334263563156128,"orthographic":false}