{"cameraMode":{"drawMode":0,"name":"Shaded","section":"Shading Mode"},"sceneLighting":true,"audioPlay":false,"sceneViewState":{"showFog":true,"showMaterialUpdate":false,"showSkybox":true,"showFlares":true,"showImageEffects":true,"showParticleSystems":true},"in2DMode":false,"pivot":{"x":-20.76322364807129,"y":2.1185410022735597,"z":7.028269290924072},"rotation":{"x":0.1304776668548584,"y":-0.09032677114009857,"z":0.012058730237185955,"w":0.9872785210609436},"size":10.858110427856446,"orthographic":false}